BEGIN TRANSACTION;
CREATE TABLE Ausbildungsstatus (OID INTEGER PRIMARY KEY, Bezeichnung TEXT, Reserve1 TEXT, Reserve2 TEXT, Reserve3 TEXT, [OptimisticLockField] int NULL, [GCRecord] int NULL);
INSERT INTO Ausbildungsstatus VALUES(1,'in Ausbildung',NULL,NULL,NULL,NULL,NULL);
INSERT INTO Ausbildungsstatus VALUES(2,'beendet',NULL,NULL,NULL,NULL,NULL);
INSERT INTO Ausbildungsstatus VALUES(3,'abgebrochen',NULL,NULL,NULL,NULL,NULL);
INSERT INTO Ausbildungsstatus VALUES(4,'unterbrochen',NULL,NULL,NULL,NULL,NULL);
INSERT INTO Ausbildungsstatus VALUES(5,NULL,NULL,NULL,NULL,0,NULL);
CREATE TABLE Fahrlehrer (OID INTEGER PRIMARY KEY, FahrlehrerNr NUMERIC, Name TEXT, Vorname TEXT, IsSelected NUMERIC, Bemerkung TEXT, [OptimisticLockField] int NULL, [GCRecord] int NULL);
INSERT INTO Fahrlehrer VALUES(1,1,'Musterfrau','Maxi',1,'',0,NULL);
INSERT INTO Fahrlehrer VALUES(2,2,'Herrmann','Gabriel',0,'',NULL,NULL);
INSERT INTO Fahrlehrer VALUES(3,3,'Weber','Sebastian',0,NULL,NULL,NULL);
INSERT INTO Fahrlehrer VALUES(4,4,'Avieny','Oliver',0,NULL,0,'');
INSERT INTO Fahrlehrer VALUES(5,5,'MusterMann','Max',0,NULL,0,NULL);
CREATE TABLE Fahrtbezeichnung (OID INTEGER PRIMARY KEY, Beschreibung NUMERIC, Kuerzel TEXT, Reserve1 TEXT, Reserve2 TEXT, Reserve3 TEXT, [OptimisticLockField] int NULL, [GCRecord] int NULL);
INSERT INTO Fahrtbezeichnung VALUES(1,'Fahrstunde','Fa',NULL,NULL,NULL,NULL,NULL);
INSERT INTO Fahrtbezeichnung VALUES(2,'Fa+Gru','FG',NULL,NULL,NULL,NULL,NULL);
INSERT INTO Fahrtbezeichnung VALUES(3,'Überlandfahrt','ÜL',NULL,NULL,NULL,NULL,NULL);
INSERT INTO Fahrtbezeichnung VALUES(4,'Autobahnfahrt','Au',NULL,NULL,NULL,NULL,NULL);
INSERT INTO Fahrtbezeichnung VALUES(5,'Nachtfahrt','Na',NULL,NULL,NULL,NULL,NULL);
INSERT INTO Fahrtbezeichnung VALUES(6,'Unterweisung am Fahzg','Uw',NULL,NULL,NULL,NULL,NULL);
INSERT INTO Fahrtbezeichnung VALUES(7,'Fehlstunde','Fe',NULL,NULL,NULL,NULL,NULL);
INSERT INTO Fahrtbezeichnung VALUES(8,'Theoretische Prüfung','TP',NULL,NULL,NULL,NULL,NULL);
INSERT INTO Fahrtbezeichnung VALUES(9,'Praktische Prüfung','PP',NULL,NULL,NULL,NULL,NULL);
INSERT INTO Fahrtbezeichnung VALUES(10,'PrfFaTl','PF',NULL,NULL,NULL,NULL,NULL);
INSERT INTO Fahrtbezeichnung VALUES(11,'PrfAbfk','PA',NULL,NULL,NULL,NULL,NULL);
INSERT INTO Fahrtbezeichnung VALUES(12,'TPermPr','TE',NULL,NULL,NULL,NULL,NULL);
INSERT INTO Fahrtbezeichnung VALUES(13,'PPermPr','PE',NULL,NULL,NULL,NULL,NULL);
INSERT INTO Fahrtbezeichnung VALUES(14,'LehrgFa','LG',NULL,NULL,NULL,NULL,NULL);
INSERT INTO Fahrtbezeichnung VALUES(15,'Theoretishcer Unterricht','TU',NULL,NULL,NULL,NULL,NULL);
INSERT INTO Fahrtbezeichnung VALUES(16,'Sonstige Tk','So',NULL,NULL,NULL,NULL,NULL);
INSERT INTO Fahrtbezeichnung VALUES(17,'Termin','Te',NULL,NULL,NULL,NULL,NULL);
INSERT INTO Fahrtbezeichnung VALUES(18,'Privat','Pr',NULL,NULL,NULL,NULL,NULL);
CREATE TABLE Fahrzeuge (OID INTEGER PRIMARY KEY, FzgNr NUMERIC, Kat_Fahrzeug_PK NUMERIC, Bezeichnung TEXT, Kennzeichen TEXT, IsSelected NUMERIC, [Bemerkung] nvarchar(100) NULL, [OptimisticLockField] int NULL, [GCRecord] int NULL);
INSERT INTO Fahrzeuge VALUES(1,1,1,'Audi A3','AA-',0,NULL,NULL,NULL);
INSERT INTO Fahrzeuge VALUES(2,2,1,'VW Golf','WN-',1,NULL,NULL,NULL);
INSERT INTO Fahrzeuge VALUES(3,3,2,'Honda 500',NULL,0,NULL,NULL,NULL);
INSERT INTO Fahrzeuge VALUES(4,4,2,'Kawasaki 125',NULL,0,NULL,NULL,NULL);
INSERT INTO Fahrzeuge VALUES(5,5,3,'Mercedes Acros',NULL,0,NULL,NULL,NULL);
INSERT INTO Fahrzeuge VALUES(6,6,2,'Hercules Mofa',NULL,0,NULL,NULL,NULL);
INSERT INTO Fahrzeuge VALUES(7,0,0,NULL,NULL,NULL,NULL,0,NULL);
CREATE TABLE Fahrzeuge_Kat (OID INTEGER PRIMARY KEY, Bezeichnung NUMERIC);
INSERT INTO Fahrzeuge_Kat VALUES(1,'PKW');
INSERT INTO Fahrzeuge_Kat VALUES(2,'Zweiräder');
INSERT INTO Fahrzeuge_Kat VALUES(3,'LKW');
INSERT INTO Fahrzeuge_Kat VALUES(4,'Bus');
CREATE TABLE Klassen (OID INTEGER PRIMARY KEY, Bezeichnung TEXT, Sortierung NUMERIC, Land TEXT, Kommentare TEXT, Enable NUMERIC, [OptimisticLockField] int NULL, [GCRecord] int NULL);
INSERT INTO Klassen VALUES(1,'A1',3,'Deutschland','',1,NULL,NULL);
INSERT INTO Klassen VALUES(2,'A(u)',2,'Deutschland','A unbeschränkt',1,NULL,NULL);
INSERT INTO Klassen VALUES(3,'B',4,'Deutschland','',1,NULL,NULL);
INSERT INTO Klassen VALUES(4,'C1',7,'Deutschland','',1,NULL,NULL);
INSERT INTO Klassen VALUES(5,'C',6,'Deutschland','',1,NULL,NULL);
INSERT INTO Klassen VALUES(6,'D1',11,'Deutschland','',1,NULL,NULL);
INSERT INTO Klassen VALUES(7,'D',10,'Deutschland','',1,NULL,NULL);
INSERT INTO Klassen VALUES(8,'BE',5,'Deutschland','',1,NULL,NULL);
INSERT INTO Klassen VALUES(9,'C1E',9,'Deutschland','',1,NULL,NULL);
INSERT INTO Klassen VALUES(10,'CE',8,'Deutschland','',1,NULL,NULL);
INSERT INTO Klassen VALUES(11,'D1E',13,'Deutschland','',1,NULL,NULL);
INSERT INTO Klassen VALUES(12,'DE',12,'Deutschland','',1,NULL,NULL);
INSERT INTO Klassen VALUES(13,'M',14,'Deutschland','Roller',1,NULL,NULL);
INSERT INTO Klassen VALUES(14,'L',15,'Deutschland','',1,NULL,NULL);
INSERT INTO Klassen VALUES(15,'T',16,'Deutschland','',1,NULL,NULL);
INSERT INTO Klassen VALUES(16,'A(b)',1,'Deutschland','A beschränkt',1,NULL,NULL);
INSERT INTO Klassen VALUES(17,'S',17,'Deutschland','Trikes, Quads, Mini-Pkw',1,NULL,NULL);
INSERT INTO Klassen VALUES(18,'MOF',18,'Deutschland','',1,NULL,NULL);
INSERT INTO Klassen VALUES(19,'ASF','','Deutschland','Aufbauseminar für Fahranfänger',1,NULL,NULL);
INSERT INTO Klassen VALUES(20,'ASP','','Deutschland','Aufbauseminar für Punkteauffällige',1,NULL,NULL);
INSERT INTO Klassen VALUES(21,'BKF','','Deutschland','Berufskraftfahrer - LKW & Bus',1,NULL,NULL);
INSERT INTO Klassen VALUES(22,'GGVSE','','Deutschland','Gefahrgutverordnung Strasse und Eisenbahn',1,NULL,NULL);
INSERT INTO Klassen VALUES(23,'FSF','','Deutschland','Fortbildungsseminar für Fahranfänger',1,NULL,NULL);
INSERT INTO Klassen VALUES(24,'A(b)','','Schweiz','','',NULL,NULL);
INSERT INTO Klassen VALUES(25,'A(u)','','Schweiz','','',NULL,NULL);
INSERT INTO Klassen VALUES(26,'A1','','Schweiz','','',NULL,NULL);
INSERT INTO Klassen VALUES(27,'B','','Schweiz','','',NULL,NULL);
INSERT INTO Klassen VALUES(28,'BE','','Schweiz','','',NULL,NULL);
INSERT INTO Klassen VALUES(29,'B1','','Schweiz','','',NULL,NULL);
INSERT INTO Klassen VALUES(30,'C','','Schweiz','','',NULL,NULL);
INSERT INTO Klassen VALUES(31,'CE','','Schweiz','','',NULL,NULL);
INSERT INTO Klassen VALUES(32,'C1','','Schweiz','','',NULL,NULL);
INSERT INTO Klassen VALUES(33,'D','','Schweiz','','',NULL,NULL);
INSERT INTO Klassen VALUES(34,'DE','','Schweiz','','',NULL,NULL);
INSERT INTO Klassen VALUES(35,'D1','','Schweiz','','',NULL,NULL);
INSERT INTO Klassen VALUES(36,'C1E','','Schweiz','','',NULL,NULL);
INSERT INTO Klassen VALUES(37,'D1E','','Schweiz','','',NULL,NULL);
INSERT INTO Klassen VALUES(38,'F','','Schweiz','','',NULL,NULL);
INSERT INTO Klassen VALUES(39,'G','','Schweiz','','',NULL,NULL);
INSERT INTO Klassen VALUES(40,'G40','','Schweiz','','',NULL,NULL);
INSERT INTO Klassen VALUES(41,'M','','Schweiz','','',NULL,NULL);
INSERT INTO Klassen VALUES(42,'BPT','','Schweiz','','',NULL,NULL);
INSERT INTO Klassen VALUES(43,NULL,0,NULL,NULL,0,0,NULL);
CREATE TABLE Konfigdaten (OID INTEGER PRIMARY KEY, Begleitfahrzeug_IsSelected NUMERIC, Pruefungsergebnis_IsSelected NUMERIC);
INSERT INTO Konfigdaten VALUES(1,1,0);
CREATE TABLE LernKontrolle (OID INTEGER PRIMARY KEY, SchuelerID NUMERIC, LernString TEXT, AendDatum TEXT, FahrlNr NUMERIC, DatenErfasst NUMERIC);
INSERT INTO LernKontrolle VALUES(1,3,'123X56X890123456789012345678901234567890123456789012345678901234567890','04.08.2012',1,-1);
INSERT INTO LernKontrolle VALUES(2,4,' !  +                                                                 ','04.08.2012',1,-1);
CREATE TABLE LernThemen (OID INTEGER PRIMARY KEY, LfdNr NUMERIC, Kat_LernThemen_PK NUMERIC, Thema TEXT, [OptimisticLockField] int NULL, [GCRecord] int NULL);
INSERT INTO LernThemen VALUES(1,1,1,'Fahrtvorbereitung',NULL,NULL);
INSERT INTO LernThemen VALUES(2,2,1,'Anfahren',NULL,NULL);
INSERT INTO LernThemen VALUES(3,3,1,'Anfahren an Steigung',NULL,NULL);
INSERT INTO LernThemen VALUES(4,4,1,'Anfahren im Gefälle',NULL,NULL);
INSERT INTO LernThemen VALUES(5,5,1,'Tastgeschwindiigkeit',NULL,NULL);
INSERT INTO LernThemen VALUES(6,6,1,'Schalten',NULL,NULL);
INSERT INTO LernThemen VALUES(7,7,1,'Rückwärtsfahren Ecke',NULL,NULL);
INSERT INTO LernThemen VALUES(8,8,1,'Rü. Parklücke am Bordstien',NULL,NULL);
INSERT INTO LernThemen VALUES(9,9,1,'Rü. Parklücke rechts',NULL,NULL);
INSERT INTO LernThemen VALUES(10,10,1,'Vorwärts Parklücke rechts',NULL,NULL);
INSERT INTO LernThemen VALUES(11,11,2,'Vorwärts Parklücke links',NULL,NULL);
INSERT INTO LernThemen VALUES(12,12,2,'Wenden',NULL,NULL);
INSERT INTO LernThemen VALUES(13,13,2,'frei',NULL,NULL);
INSERT INTO LernThemen VALUES(14,14,2,'Verhalten Fußgänger',NULL,NULL);
INSERT INTO LernThemen VALUES(15,15,2,'Verhalten Radfahrer',NULL,NULL);
INSERT INTO LernThemen VALUES(16,16,2,'Verhalten Kinder',NULL,NULL);
INSERT INTO LernThemen VALUES(17,17,2,'schwer erkannbare Gefahren',NULL,NULL);
INSERT INTO LernThemen VALUES(18,18,2,'Bahnübergänge',NULL,NULL);
INSERT INTO LernThemen VALUES(19,19,2,'Bushaltestellen',NULL,NULL);
INSERT INTO LernThemen VALUES(20,20,2,'rückw. um die Ecke',NULL,NULL);
INSERT INTO LernThemen VALUES(21,21,3,'Geschwindigkeit',NULL,NULL);
INSERT INTO LernThemen VALUES(22,22,3,'Abstand',NULL,NULL);
INSERT INTO LernThemen VALUES(23,23,3,'Beobachtung',NULL,NULL);
INSERT INTO LernThemen VALUES(24,24,3,'Spurwechsel',NULL,NULL);
INSERT INTO LernThemen VALUES(25,25,3,'frei',NULL,NULL);
INSERT INTO LernThemen VALUES(26,26,3,'Vorausschauend',NULL,NULL);
INSERT INTO LernThemen VALUES(27,27,3,'Überholen',NULL,NULL);
INSERT INTO LernThemen VALUES(28,28,3,'frei',NULL,NULL);
INSERT INTO LernThemen VALUES(29,29,3,'Vorfahrt allgemien',NULL,NULL);
INSERT INTO LernThemen VALUES(30,30,3,'Vorfahrt rechts vor links',NULL,NULL);
INSERT INTO LernThemen VALUES(31,31,4,'Vorfahrt abknickend',NULL,NULL);
INSERT INTO LernThemen VALUES(32,32,4,'Ampel',NULL,NULL);
INSERT INTO LernThemen VALUES(33,33,4,'Einordnen',NULL,NULL);
INSERT INTO LernThemen VALUES(34,34,4,'Links abbiegen',NULL,NULL);
INSERT INTO LernThemen VALUES(35,35,4,'Rechts abbiegen',NULL,NULL);
INSERT INTO LernThemen VALUES(36,36,4,'frei',NULL,NULL);
INSERT INTO LernThemen VALUES(37,37,4,'frei',NULL,NULL);
INSERT INTO LernThemen VALUES(38,38,4,'Beleuchtung und sonst. Einrichtungen',NULL,NULL);
INSERT INTO LernThemen VALUES(39,39,4,'Dunkelheit',NULL,NULL);
INSERT INTO LernThemen VALUES(40,40,4,'Ein/Ausfahren Autobahn',NULL,NULL);
INSERT INTO LernThemen VALUES(41,41,5,'Geschw. auf Autobahn',NULL,NULL);
INSERT INTO LernThemen VALUES(42,42,5,'Überholen auf Autobahn',NULL,NULL);
INSERT INTO LernThemen VALUES(43,43,5,'frei',NULL,NULL);
INSERT INTO LernThemen VALUES(44,44,5,'allgemeines Gefahrverhalten',NULL,NULL);
INSERT INTO LernThemen VALUES(45,45,5,'allgemeine Beobachtung',NULL,NULL);
INSERT INTO LernThemen VALUES(46,46,5,'Parkhaus',NULL,NULL);
INSERT INTO LernThemen VALUES(47,47,5,'frei',NULL,NULL);
INSERT INTO LernThemen VALUES(48,48,5,'frei',NULL,NULL);
INSERT INTO LernThemen VALUES(49,49,5,'frei',NULL,NULL);
INSERT INTO LernThemen VALUES(50,50,5,'frei',NULL,NULL);
INSERT INTO LernThemen VALUES(51,51,6,'Bahnhofsvorplatz',NULL,NULL);
INSERT INTO LernThemen VALUES(52,52,6,'Schützenstr.',NULL,NULL);
INSERT INTO LernThemen VALUES(53,53,6,'Parkplatz Weststr.',NULL,NULL);
INSERT INTO LernThemen VALUES(54,54,6,'frei für weitere ',NULL,NULL);
INSERT INTO LernThemen VALUES(55,55,6,'besondere',NULL,NULL);
INSERT INTO LernThemen VALUES(56,56,6,'Strassenstellen',NULL,NULL);
INSERT INTO LernThemen VALUES(57,57,6,'frei',NULL,NULL);
INSERT INTO LernThemen VALUES(58,58,6,'frei',NULL,NULL);
INSERT INTO LernThemen VALUES(59,59,6,'frei',NULL,NULL);
INSERT INTO LernThemen VALUES(60,60,6,'frei',NULL,NULL);
INSERT INTO LernThemen VALUES(61,61,7,'frei',NULL,NULL);
INSERT INTO LernThemen VALUES(62,62,7,'frei',NULL,NULL);
INSERT INTO LernThemen VALUES(63,63,7,'frei',NULL,NULL);
INSERT INTO LernThemen VALUES(64,64,7,'frei',NULL,NULL);
INSERT INTO LernThemen VALUES(65,65,7,'frei',NULL,NULL);
INSERT INTO LernThemen VALUES(66,66,7,'frei',NULL,NULL);
INSERT INTO LernThemen VALUES(67,67,7,'frei',NULL,NULL);
INSERT INTO LernThemen VALUES(68,68,7,'frei',NULL,NULL);
INSERT INTO LernThemen VALUES(69,69,7,'frei',NULL,NULL);
INSERT INTO LernThemen VALUES(70,70,7,'frei',NULL,NULL);
INSERT INTO LernThemen VALUES(71,0,0,NULL,0,NULL);
CREATE TABLE LernThemen_Kat (OID INTEGER PRIMARY KEY, Bezeichnung TEXT, [OptimisticLockField] int NULL, [GCRecord] int NULL);
INSERT INTO LernThemen_Kat VALUES(1,'1. Seite',NULL,NULL);
INSERT INTO LernThemen_Kat VALUES(2,'2. Seite',NULL,NULL);
INSERT INTO LernThemen_Kat VALUES(3,'3. Seite',NULL,NULL);
INSERT INTO LernThemen_Kat VALUES(4,'4. Seite',NULL,NULL);
INSERT INTO LernThemen_Kat VALUES(5,'5. Seite',NULL,NULL);
INSERT INTO LernThemen_Kat VALUES(6,'6. Seite',NULL,NULL);
INSERT INTO LernThemen_Kat VALUES(7,'7. Seite',NULL,NULL);
INSERT INTO LernThemen_Kat VALUES(8,NULL,0,NULL);
CREATE TABLE Schueler (OID INTEGER PRIMARY KEY, SchuelerID NUMERIC, MatchCode TEXT, Strasse TEXT, Hausnummer TEXT, PLZ NUMERIC, Ort TEXT, Nation TEXT, Geburtstag TEXT, Arbeitsstelle TEXT, Phone TEXT, PhoneGeschaeft TEXT, Mobil TEXT, AnmeldeDatum TEXT, SchuleFil TEXT, FahrlehrerID NUMERIC, Kl1Beantragt TEXT, Kl1Ausbildungsstand TEXT, Kl2Beantragt TEXT, Kl2Ausbildungsstand TEXT, Kl3Beantragt TEXT, Kl3Ausbildungsstand TEXT, Kl4Beantragt TEXT, Kl4Ausbildungsstand TEXT, BeantragteKlasse TEXT, BesitztKlasse TEXT, AntragEingereichtAm TEXT, AntragZurJN TEXT, Saldo TEXT, TheorieGrundStd TEXT, Kl1FahrStd NUMERIC, HatKla1FAuG NUMERIC, Kl1Ueberland NUMERIC, Kl1Autobahn NUMERIC, Kl1Nacht NUMERIC, Kl1UnterwsgAmFhrzg NUMERIC, HatKla1TheoSpez NUMERIC, Kl1TheoriePfgAm TEXT, Kl1PraktischePfgAm TEXT, Kl2FahrStd NUMERIC, HatKla2FAuG NUMERIC, Kl2Ueberland NUMERIC, Kl2Autobahn NUMERIC, Kl2Nacht NUMERIC, Kl2UnterwsgAmFhrzg NUMERIC, HatKla2TheoSpez NUMERIC, Kl2TheoriePfgAm TEXT, Kl2PraktischePfgAm TEXT, Kl3FahrStd NUMERIC, HatKla3FAuG NUMERIC, Kl3Ueberland NUMERIC, Kl3Autobahn NUMERIC, Kl3Nacht NUMERIC, Kl3UnterwsgAmFhrzg NUMERIC, HatKla3TheoSpez NUMERIC, Kl3TheoriePfgAm TEXT, Kl3PraktischePfgAm TEXT, Kl4FahrStd NUMERIC, HatKla4FAuG NUMERIC, Kl4Ueberland NUMERIC, Kl4Autobahn NUMERIC, Kl4Nacht NUMERIC, Kl4UnterwsgAmFhrzg NUMERIC, HatKla4TheoSpez NUMERIC, Kl4TheoriePfgAm TEXT, Kl4PraktischePfgAm TEXT, eMail TEXT, Vorname TEXT, Name TEXT, Reserve4 TEXT, Reserve5 TEXT, Reserve6 TEXT, Reserve1 nvarchar(100), OptimisticLockField int, GCRecord int);
INSERT INTO Schueler VALUES(1,1,'Herrmann, Gabriel','Karl-Kessler-Str.',132,73433,'Aalen','deutsch','27.04.1974','Cellent','07361 / 5965050','0711 / 52030-258','0179 / 9305405','01.01.2012','',1,'B','in Ausbildung','BE','keine Angabe','','','','','B, BE','','','','','13,0','3,0',0,0,0,0,0,'1,0','','','','','','','','','','','','','','','','','','','','','','','','','','','','','','gabriel.herrmann@online.de','','','','','',NULL,NULL,NULL);
INSERT INTO Schueler VALUES(2,2,'Herrmann, Daniel','Karl-Kessler-Str.',132,73433,'Aalen','deutsch','19.05.1973','Myünskö','','','','26.10.2008','',2,'A','in Ausbildung','','','','','','','A','B','','','','12,0','2,0',0,0,0,0,0,'2,0','','','','','','','','','','','','','','','','','','','','','','','','','','','','','','','','','','','',NULL,NULL,NULL);
INSERT INTO Schueler VALUES(3,3,'Avieny, Oliver','Musterstrasse',7,12345,'Tübingen','deutsch','16.05.1974','Selbstständig','','','','','',1,'CE','in Ausbildung','','','','','','','CE','BE','','','','10,0',0,0,0,0,0,0,'3,0','22.12.12 B (1.)','03.05.12 (6.)','','','','','','','','','','','','','','','','','','','','','','','','','','','','o.avieny@gmail.com','','','','','',NULL,NULL,NULL);
INSERT INTO Schueler VALUES(4,4,'Uihlein, Dominik','Max-Strasse',1,'','','deutsch','','Selbstständig','','','','','',1,'B','in Ausbildung','A','keine Angabe','BE','keine Angabe','','','A, B, BE','','','','','8,0',0,0,0,0,0,0,'4,0','','','','','','','','','','','','','','','','','','','','','','','','','','','','','','Dominik.Uihlein@cellent.de','','','','','',NULL,NULL,NULL);
INSERT INTO Schueler VALUES(5,5,'Blickle, Axel','Ringstrasse',70,79811,'Fellbach','türkisch','','Cellent','','','','','',1,'A','in Ausbildung','','','','','','','A','','','','','6,0',0,0,0,0,0,0,0,'','',0,0,0,0,0,0,0,'','',0,0,0,0,0,0,0,'','',0,0,0,0,0,0,0,'','','axel.blickle@cellent.de','','','','','','',0,NULL);
CREATE TABLE Schueler_Klassen (OID INTEGER PRIMARY KEY, Schueler_ID NUMERIC, Klassen_ID NUMERIC, Reserve1 TEXT, Reserve2 TEXT, Reserve3 TEXT, [OptimisticLockField] int NULL, [GCRecord] int NULL);
INSERT INTO Schueler_Klassen VALUES(1,0,0,NULL,NULL,NULL,0,NULL);
CREATE TABLE Signature (OID INTEGER PRIMARY KEY, Schueler_ID NUMERIC, Termine_ID NUMERIC, Signature BLOB, Datum TEXT, [BLOB] image NULL, [OptimisticLockField] int NULL, [GCRecord] int NULL);
INSERT INTO Signature VALUES(1,0,0,NULL,NULL,NULL,0,NULL);
CREATE TABLE Termine (OID INTEGER PRIMARY KEY, Fahrlehrer_ID NUMERIC, Schueler_ID NUMERIC, Termin TEXT, Klasse TEXT, FahrtBezeichnung_ID NUMERIC, Starttermin TEXT, Dauer TEXT, Treffpunkt_ID NUMERIC, Hat_Unterschrift NUMERIC, Begleitfahrzeug_ID NUMERIC, [OptimisticLockField] int NULL, [GCRecord] int NULL);
INSERT INTO Termine VALUES(1,1,1,'14.05.2012','B',1,'11:00',45,2,0,'',NULL,NULL);
INSERT INTO Termine VALUES(2,1,1,'15.05.2012','B',1,'10:15',45,4,0,'',NULL,NULL);
INSERT INTO Termine VALUES(3,1,1,'15.05.2012','BE',4,'11:00',90,1,0,'',NULL,NULL);
INSERT INTO Termine VALUES(4,1,3,'15.05.2012','CE',1,'13:00',45,3,0,'',NULL,NULL);
INSERT INTO Termine VALUES(5,2,3,'10.06.2012','CE',4,'16:00',45,2,0,'',NULL,NULL);
INSERT INTO Termine VALUES(6,1,1,'10.06.2012','B',1,'16:00',45,4,0,'',NULL,NULL);
INSERT INTO Termine VALUES(7,1,2,'10.06.2012','A',1,'16:30',90,3,0,1,NULL,NULL);
INSERT INTO Termine VALUES(8,1,2,'12.06.2012','A',1,'10:00',45,3,0,1,NULL,NULL);
INSERT INTO Termine VALUES(9,1,2,'10.06.2012','A',7,'10:00',45,3,0,2,NULL,NULL);
INSERT INTO Termine VALUES(10,1,2,'12.06.2012','A',1,'10:00',45,1,0,2,NULL,NULL);
INSERT INTO Termine VALUES(11,1,3,'15.06.2012','CE',4,'15:12',45,4,0,'',NULL,NULL);
INSERT INTO Termine VALUES(12,1,3,'15.06.2012','CE',4,'15:45',45,3,0,'',NULL,NULL);
INSERT INTO Termine VALUES(13,1,3,'15.06.2012','CE',4,'15:45',45,1,0,'',NULL,NULL);
INSERT INTO Termine VALUES(16,1,3,'16.06.2012','CE',1,'08:30',45,1,0,'',NULL,NULL);
INSERT INTO Termine VALUES(17,1,1,'16.06.2012','BE',1,'10:45',45,1,0,'',NULL,NULL);
INSERT INTO Termine VALUES(18,1,4,'16.06.2012','A',4,'13:00',90,1,0,2,NULL,NULL);
INSERT INTO Termine VALUES(20,1,4,'17.06.2012','A',1,'11:00',45,1,0,2,NULL,NULL);
INSERT INTO Termine VALUES(21,1,4,'17.06.2012','A',1,'13:00',45,2,0,2,NULL,NULL);
INSERT INTO Termine VALUES(22,1,1,'17.06.2012','B',1,'15:00',45,3,0,NULL,NULL,NULL);
INSERT INTO Termine VALUES(23,1,3,'22.06.2012','CE',14,'09:00',45,3,0,NULL,NULL,NULL);
INSERT INTO Termine VALUES(24,1,3,'17.06.2012','CE',14,'09:00',45,3,0,NULL,NULL,NULL);
INSERT INTO Termine VALUES(25,1,3,'30.06.2012','CE',5,'23:00',45,1,0,NULL,NULL,NULL);
INSERT INTO Termine VALUES(26,1,3,'13.07.2012','CE',1,'10:15',45,4,0,NULL,NULL,NULL);
INSERT INTO Termine VALUES(28,1,1,'13.07.2012','B',2,'15:00',45,6,0,NULL,NULL,NULL);
INSERT INTO Termine VALUES(29,1,3,'14.07.2012','CE',4,'17:15',45,7,0,NULL,NULL,NULL);
INSERT INTO Termine VALUES(30,1,3,'14.07.2012','CE',1,'10:30',90,8,0,NULL,NULL,NULL);
INSERT INTO Termine VALUES(31,1,3,'14.07.2012','CE',14,'12:00',45,9,0,NULL,NULL,NULL);
INSERT INTO Termine VALUES(32,1,1,'14.07.2012','B',1,'13:00',45,7,0,NULL,NULL,NULL);
INSERT INTO Termine VALUES(33,1,1,'31.07.2012','B',1,'16:15',45,10,0,NULL,NULL,NULL);
INSERT INTO Termine VALUES(35,1,3,'12.08.2012','CE',1,'07:00',90,1,0,NULL,NULL,NULL);
CREATE TABLE Treffpunkt (OID INTEGER PRIMARY KEY, Bezeichnung TEXT, fixer_Treffpunkt NUMERIC, Reserve2 TEXT, Reserve3 TEXT, [Reserve1] nvarchar(100) NULL, [OptimisticLockField] int NULL, [GCRecord] int NULL);
INSERT INTO Treffpunkt VALUES(1,'Fahrschule',1,NULL,NULL,NULL,NULL,NULL);
INSERT INTO Treffpunkt VALUES(2,'Arbeitsstelle',1,NULL,NULL,NULL,NULL,NULL);
INSERT INTO Treffpunkt VALUES(3,'zu Hause',0,NULL,NULL,NULL,NULL,NULL);
INSERT INTO Treffpunkt VALUES(4,'Berufsschule',1,NULL,NULL,NULL,NULL,NULL);
INSERT INTO Treffpunkt VALUES(5,'Stadtmitte',1,NULL,NULL,NULL,NULL,NULL);
INSERT INTO Treffpunkt VALUES(6,'P&R Parkplatz',1,NULL,NULL,NULL,NULL,NULL);
INSERT INTO Treffpunkt VALUES(7,'Kino',0,NULL,NULL,NULL,NULL,NULL);
INSERT INTO Treffpunkt VALUES(8,'Hotel ',0,NULL,NULL,NULL,NULL,NULL);
INSERT INTO Treffpunkt VALUES(9,'Bahnhof',0,NULL,NULL,NULL,NULL,NULL);
INSERT INTO Treffpunkt VALUES(10,'Stadtpark',0,NULL,NULL,NULL,NULL,NULL);
INSERT INTO Treffpunkt VALUES(11,NULL,NULL,NULL,NULL,NULL,0,NULL);
CREATE TABLE [XPObjectType] ([OID] INTEGER PRIMARY KEY AUTOINCREMENT, [TypeName] nvarchar(254) NULL, [AssemblyName] nvarchar(254) NULL);
INSERT INTO XPObjectType VALUES(1,'WindowsFormsApplication1.Fahrlehrer','WindowsFormsApplicationSQLite');
INSERT INTO XPObjectType VALUES(2,'WindowsFormsApplication1.Ausbildungsstatus','WindowsFormsApplicationSQLite');
INSERT INTO XPObjectType VALUES(3,'WindowsFormsApplication1.Fahrtbezeichnung','WindowsFormsApplicationSQLite');
INSERT INTO XPObjectType VALUES(4,'WindowsFormsApplication1.Fahrzeuge','WindowsFormsApplicationSQLite');
INSERT INTO XPObjectType VALUES(5,'WindowsFormsApplication1.Klassen','WindowsFormsApplicationSQLite');
INSERT INTO XPObjectType VALUES(6,'WindowsFormsApplication1.LernThemen','WindowsFormsApplicationSQLite');
INSERT INTO XPObjectType VALUES(7,'WindowsFormsApplication1.LernThemen_Kat','WindowsFormsApplicationSQLite');
INSERT INTO XPObjectType VALUES(8,'WindowsFormsApplication1.Schueler','WindowsFormsApplicationSQLite');
INSERT INTO XPObjectType VALUES(9,'WindowsFormsApplication1.Schueler_Klassen','WindowsFormsApplicationSQLite');
INSERT INTO XPObjectType VALUES(10,'WindowsFormsApplication1.Signature','WindowsFormsApplicationSQLite');
INSERT INTO XPObjectType VALUES(11,'WindowsFormsApplication1.Termine','WindowsFormsApplicationSQLite');
INSERT INTO XPObjectType VALUES(12,'WindowsFormsApplication1.Treffpunkt','WindowsFormsApplicationSQLite');
CREATE TABLE Zahlungen (OID INTEGER PRIMARY KEY, Schueler_ID NUMERIC, MaCode TEXT, ZahlDatum TEXT, Betrag NUMERIC, StSchl TEXT, StSatz TEXT, ZaArt TEXT, ZaFuer_ID NUMERIC, Fahrlehrer_ID NUMERIC);
INSERT INTO Zahlungen VALUES(1,3,'Avieny, Oliver','20.07.2012','250,00',NULL,NULL,0,1,1);
INSERT INTO Zahlungen VALUES(2,1,'Herrmann, Gabriel','14.07.2012','100,00',NULL,NULL,0,2,1);
INSERT INTO Zahlungen VALUES(3,1,'Herrmann, Gabriel','20.07.2012','250,00',NULL,NULL,0,4,1);
INSERT INTO Zahlungen VALUES(4,4,'Uihlein, Dominik','21.07.2012','60,00',NULL,NULL,0,1,1);
INSERT INTO Zahlungen VALUES(5,3,'Avieny, Oliver','14.07.2012','50,00',NULL,NULL,0,1,1);
INSERT INTO Zahlungen VALUES(6,3,'Avieny, Oliver','21.07.2012','140,00',NULL,NULL,0,1,1);
INSERT INTO Zahlungen VALUES(7,3,'Avieny, Oliver','21.07.2012','130,00',NULL,NULL,0,1,1);
INSERT INTO Zahlungen VALUES(8,4,'Uihlein, Dominik','20.07.2012','70,00',NULL,NULL,0,1,1);
INSERT INTO Zahlungen VALUES(9,3,'Avieny, Oliver','22.07.2012','45,00',NULL,NULL,0,2,1);
INSERT INTO Zahlungen VALUES(10,3,'Avieny, Oliver','22.07.2012','80,00',NULL,NULL,0,2,1);
INSERT INTO Zahlungen VALUES(11,2,'Herrmann, Daniel','22.07.2012','250,00',NULL,NULL,0,3,1);
INSERT INTO Zahlungen VALUES(12,3,'Avieny, Oliver','22.07.2012','150,00',NULL,NULL,0,3,1);
CREATE TABLE ZahlungenFuer (OID INTEGER PRIMARY KEY, Bezeichnung TEXT, Reserve NUMERIC);
INSERT INTO ZahlungenFuer VALUES(1,'Allg. Ausbildungskosten',NULL);
INSERT INTO ZahlungenFuer VALUES(2,'Lehrmittel ermäßigte MwSt',NULL);
INSERT INTO ZahlungenFuer VALUES(3,'MwSt-freie Ausbildungsklasse',NULL);
INSERT INTO ZahlungenFuer VALUES(4,'Fremdgeb./durchlaufende Pos',NULL);
CREATE TABLE android_metadata (locale TEXT);
CREATE TABLE sqlite_sequence(name,seq);
INSERT INTO sqlite_sequence VALUES('XPObjectType',12);
CREATE INDEX [iGCRecord_Ausbildungsstatus] on [Ausbildungsstatus]([GCRecord]);
CREATE INDEX [iGCRecord_Fahrlehrer] on [Fahrlehrer]([GCRecord]);
CREATE INDEX [iGCRecord_Fahrtbezeichnung] on [Fahrtbezeichnung]([GCRecord]);
CREATE INDEX [iGCRecord_Fahrzeuge] on [Fahrzeuge]([GCRecord]);
CREATE INDEX [iGCRecord_Klassen] on [Klassen]([GCRecord]);
CREATE INDEX [iGCRecord_LernThemen] on [LernThemen]([GCRecord]);
CREATE INDEX [iGCRecord_LernThemen_Kat] on [LernThemen_Kat]([GCRecord]);
CREATE INDEX [iGCRecord_Schueler_Klassen] on [Schueler_Klassen]([GCRecord]);
CREATE INDEX [iGCRecord_Signature] on [Signature]([GCRecord]);
CREATE INDEX [iGCRecord_Termine] on [Termine]([GCRecord]);
CREATE INDEX [iGCRecord_Treffpunkt] on [Treffpunkt]([GCRecord]);
CREATE UNIQUE INDEX [iTypeName_XPObjectType] on [XPObjectType]([TypeName]);
COMMIT;
